X,Y,Z,W
0.587578292,0.254292822,0.485783976,0.655822869
0.622612747,,0.624324989,-0.375248283
0.750757953,0.759761672,0.823195163,1.351001993
0.796559169,1.109740134,0.541657191,2.627649634
0.956861536,1.347378321,0.152975342,2.441518875
1.073220972,1.326344124,,1.538829267
0.868527004,1.142854436,0.308770116,0.309430962
0.573684436,0.926550465,0.479593018,-0.10383327
0.346735716,0.715813026,0.674130835,0.134487736
0.209060128,0.561070045,0.778551272,0.463317114
0.176639352,0.507282076,0.537131289,
0.203386474,0.557232655,0.083963535,0.367189776
0.236631133,0.673571127,-0.090811399,0.773464379
0.26739433,0.759909727,-0.058440553,1.349408676
0.300829515,0.754056911,-0.035950728,0.466436442
0.313558124,0.696212884,-0.00397328,-0.235800779
0.254031641,0.614304268,0.051919011,-0.036959462
0.113362079,0.51834562,0.125809153,0.038728005
-0.025696506,0.486784502,0.251635719,0.023443314
-0.089380376,0.51808295,0.367917683,0.004159765
-0.062963041,0.556198377,0.246235107,0
0.158619041,0.58130158,0.133505614,-0.000916353
0.570952111,0.618676951,0.213681284,-0.024983136
0.547659431,1.274641673,0.252962082,-0.018047111
0.498588176,1.797958616,0.291776917,0.028079691
0.180826626,2.387510866,0.433275549,0.425991945
-0.098240269,3.065534788,0.873366273,-0.352020691
-0.167985515,3.954988594,0.946951826,0.636589766
-0.190728267,5.509355172,1.165249882,12.50284885
0.206186629,8.121524238,1.973775368,10.58594639
2.235326222,10.96990472,2.915213668,15.5443305
5.873022439,12.75465522,4.044461798,30.08451112
11.44997321,13.95526688,5.208925065,36.60135153
19.62243504,16.61957448,5.47640358,28.84840784
30.52152771,22.97313209,4.84300882,24.09690933
42.53011686,33.99845042,5.21035753,91.632604
56.61264379,48.56085777,6.672183796,206.9456396
76.03648521,64.95773768,7.688749369,180.248462
101.039233,87.05239916,8.506961197,166.2548331
127.5519852,126.0311956,9.909356992,163.9012143
158.8441442,185.688015,11.95806793,226.3383338
220.3701678,245.5238237,15.20178293,219.6766859
338.9131737,277.1958065,22.76457979,333.9855967
474.3843718,275.4151709,32.48427983,650.3224738
533.8793661,255.9616264,38.30134807,1067.748447
546.8864785,243.5786273,51.5735815,1222.428784
862.8108829,455.0862089,74.92799511,1112.390228
1200.041018,592.5368101,102.4187485,1474.462327
1896.46296,739.7867455,130.0054787,2153.730107
2988.141655,886.8596628,156.4290629,2716.420674
4287.836945,1022.719636,215.7816459,3533.04062
5644.175333,,303.5430597,3815.353956
7137.598234,1253.85988,378.4541688,2911.243773
8600.66662,1268.105812,444.7420605,2953.694535
10101.80807,1181.333945,517.0774357,3393.95261
11980.77967,1094.41336,,4019.099093
13621.13917,1157.151037,627.4208575,4808.47597
14516.53507,1463.127328,705.4757912,6260.726531
15226.26765,1991.192418,769.5661478,7320.697701
16598.8977,2609.359124,845.3115465,6413.504456
19059.09518,3190.381525,955.9363022,
22397.90416,3705.4155,1076.747971,4474.949889
26123.53,4121.100421,1193.074379,5058.974335
29790.48039,4314.455094,1338.567862,6150.363715
32330.14128,4213.14585,1451.827912,6763.712391
32692.31753,3868.461787,1477.698287,6285.203734
31718.55733,3336.333999,1416.660947,5044.576519
30742.40378,2716.95533,1332.805516,3773.857623
30394.83799,2238.36395,1279.348402,3414.75439
32138.29084,3729.503062,1279.740835,4359.563673
33122.91591,4212.12496,1286.730012,5478.386975
33953.06126,4359.418998,1320.577915,5078.163074
33170.40719,4213.494225,1289.411311,3769.575193
30385.4587,3993.046379,1291.421091,2943.294702
27725.54208,3831.749739,1388.984651,2784.23761
26691.49909,3620.050577,1544.773259,2048.73215
27281.29311,3198.176233,1705.314365,2025.507244
28674.36807,2637.841473,1913.02463,2725.201735
29237.47464,2203.352917,2078.670718,3328.416893
28245.14787,2125.024432,2037.128117,3194.971122
26333.18208,2463.309903,1729.213575,2313.95047
24747.76167,3084.132365,1535.14988,1803.718003
24475.55758,3742.901734,1658.588464,1742.447564
25745.85214,4260.51002,1824.847593,1420.71239
27994.4176,4563.538343,1828.458366,2178.560897
30178.36032,4597.177171,1777.459244,2480.77638
31112.83329,4399.624733,1724.047182,2023.245874
29997.4379,4113.615886,1581.346259,1520.114257
27131.09744,3764.457421,1505.544836,1151.762325
24546.24232,3245.445724,1569.624067,1058.178561
24380.20246,2607.496873,1664.651246,1235.933292
26948.6426,2106.035709,1742.049618,1549.971159
29241.26665,3454.218301,1736.10654,1481.791162
30332.80405,3737.455933,1651.694441,1088.592292
28979.86399,3683.84755,1479.747055,890.6347233
25773.75072,3503.848253,1355.526851,674.2979837
23580.08701,3369.171097,1391.581535,535.279699
23808.67444,3192.698684,1465.662562,806.0628329
25474.74158,2833.448244,1444.250297,1158.870218
26517.92353,2327.422131,1388.13173,1277.867655
,1819.271081,1335.723744,1095.634729
,,1216.507037,793.595139
,1359.466892,1119.547904,582.5381436
,1528.311431,1132.190779,620.026725
,1872.821003,1172.166468,741.5082165
,2228.88592,,755.5673354
,2424.234917,1212.05087,549.7253396
21918.88382,2408.040073,1185.043648,593.3803065
22775.34346,2321.12617,1158.151144,647.5377675
22270.49969,2292.232049,1155.607227,439.7054775
21401.67879,2253.359276,1135.676262,
21766.06544,2056.356396,1157.944683,781.6195068
23229.22343,1687.10164,1223.094924,826.8897669
24192.62018,1279.382477,1211.855248,664.1987859
23597.13408,982.2426235,1133.257757,534.6378317
22042.13494,1488.302902,1046.177136,392.9004394
20413.06621,1532.682051,947.0115654,239.260901
18934.27645,1540.633712,888.1241108,387.6260498
18644.27271,1555.698549,858.3159075,487.693494
19876.2532,1527.698891,852.550154,422.2839649
,1412.337724,839.8910318,634.1341753
,1228.850492,807.0866893,630.1481017
,1008.195051,776.1947723,389.7515642
,785.8335066,761.5542542,219.4653539
,622.514053,736.346783,181.2265498
,568.8917052,706.6830196,241.5231513
,627.4930278,663.2113754,265.4405803
18088.26638,750.4876991,633.6679033,331.6856151
17715.37907,861.4196496,626.5479302,485.8397506
18159.86524,912.9327025,616.4278301,491.603873
18829.88394,933.0571091,582.386585,323.6735255
19094.58191,963.9334197,546.6099317,381.0221
19381.73577,987.4241558,520.268307,266.2616293
20830.71769,957.0149127,482.988181,170.4288762
23080.60023,861.0209753,453.9287338,225.5145788
24236.94707,721.1762041,427.3242196,281.4509305
23033.50616,573.6765966,387.449966,238.908028
20855.63776,466.2344169,363.1392188,140.1484973
22329.88444,762.3734107,363.8978397,254.8118016
23439.31915,862.6101973,371.4487484,365.5310637
,912.2969651,395.5328213,593.293308
,900.8502009,410.2705862,996.5701321
,844.102329,401.9805368,634.4541637
,770.7815438,385.7937639,369.2517857
,681.8015007,372.1806137,475.2642137
,564.8404469,360.5873406,583.5316059
,437.9628648,357.0148875,567.1545512
37988.04134,343.5336807,345.3209034,519.7818052
38689.82064,309.0895602,313.4787428,528.9665751
37576.52455,329.413179,292.1078362,599.849058
36525.94818,371.4707847,326.4073261,441.5343068
37221.0627,,353.0316618,245.1022744
40215.01059,383.8692159,337.5879946,324.5340013
44788.39604,341.6755663,316.1753304,404.1169871
49523.83006,306.0803164,297.8140835,464.4619522
52756.17739,310.3573528,,474.3311716
52825.27676,339.9873358,274.4234737,423.883169
50106.0974,354.6772451,256.0874592,397.9594544
47840.85202,335.3540708,254.7796906,405.9399694
49164.11025,294.1276258,291.9336277,420.957078
,259.6916223,319.2891123,
,455.5977145,323.2155309,304.393121
,541.6152986,305.3424479,316.9223546
,607.1362225,256.0437657,342.7502526
,652.7533094,236.6425495,347.5854826
,677.9810573,322.0045652,249.265353
,669.6818784,394.0072991,226.3500759
64803.28535,616.743119,416.6721562,288.4454572
69889.64366,523.9231386,421.3819802,442.859033
71524.53409,415.3305215,421.0701629,547.2139594
69161.11146,332.2826224,396.5336256,528.0050763
64783.28644,307.0862901,386.2244874,415.5257889
60036.87538,343.6474349,430.4922596,375.4671176
56608.05069,420.5315095,502.1251762,499.5060791
56166.27597,505.0067716,527.523827,470.8329838
59121.39364,574.4960184,555.2398247,498.6685265
63780.39998,633.553859,539.7874549,637.2163121
66847.16485,677.937191,513.7771112,738.2052025
65815.82887,687.3005876,491.220076,623.9127118
61777.48803,661.2570257,442.4638761,450.8881115
,609.5292665,426.0184,437.6878153
,530.1301497,460.6330674,601.6318465
,435.9440287,473.7704014,854.0383857
,364.9057254,459.9875603,999.65541
,619.3263825,387.5099791,870.8962159
,714.4300355,292.045082,510.6540743
,766.7761162,235.6311364,373.1090964
47975.83011,789.6235574,334.9701853,694.2730421
51014.94516,798.5975884,426.5227068,942.233493
55965.36908,786.5579057,432.8708017,1065.883962
58765.26291,736.6425529,400.6273223,1143.549641
57836.05398,645.2360987,376.668769,959.4932244
54756.34833,536.243241,362.0206979,716.2566537
51999.56245,457.33999,361.8347495,672.8143426
49865.32853,453.1507149,395.5175196,904.6992552
47408.33517,540.6994366,416.4332588,1175.144344
44962.83262,697.7210505,409.8511932,1211.105029
44040.22105,868.7368098,391.1682753,1520.477834
45024.10539,992.1036722,322.847093,1461.891981
46215.72983,1035.179262,307.8052548,669.514728
,1010.609721,326.3427684,710.7784972
,,372.9723165,1321.661781
,925.5800009,461.9637577,1562.311829
,866.0869492,503.9419765,1678.987138
,757.1456239,428.7595005,1655.249298
,622.5548037,,1446.276604
,523.3788851,379.8946332,899.5038183
40152.34496,886.1959099,419.6329485,816.518447
38335.82103,1020.53121,460.6096207,1455.68393
39613.27632,1111.984525,489.5523748,1568.904139
43610.30802,1180.771129,481.1995431,
46457.30126,1226.477597,452.6919298,1617.220628
45620.88325,1225.35476,438.9137936,1451.473791
41662.58848,1155.561913,476.2655972,787.7417415
38338.15071,1019.268351,523.2180941,756.127204
38241.75064,856.6480802,591.720335,1057.465257
40184.68264,746.1012733,659.4382947,1352.25171
40708.45153,764.6675391,647.4515307,1444.797592
38312.63347,955.3507796,596.8794516,1502.81783
34865.25845,1303.059982,511.3387318,1375.710897
,1732.06448,429.20894,708.4225245
,2141.103076,534.7299959,833.3251219
,2450.411707,657.2696143,1649.231448
,2647.681677,737.9374473,1555.766262
,2763.070082,814.2586142,1521.931625
,2771.939367,792.5260669,1626.588605
,2606.23713,664.1518194,1444.513349
41062.58983,2269.19025,637.1904096,1151.365399
37013.80207,1871.283949,794.1838263,1036.791983
34941.96943,1584.339762,944.3847229,1414.071436
38813.64538,2689.56156,1004.566603,1764.408368
41267.4034,3160.775846,999.2385836,1882.369683
44366.64025,3539.892076,968.701232,2152.147543
45500.38847,3812.149915,964.7469033,2245.417384
44648.01027,3984.019408,1058.637993,1604.840436
43703.87229,4093.749618,1226.040257,1186.507377
43000.52249,4067.057648,1305.835153,1455.583919
43010.09853,3744.820215,1355.834197,1672.141696
44399.40522,3181.189258,1413.931178,1987.343514
44737.05978,2709.424459,1403.804967,2184.894802
,2649.877795,1426.543609,2077.125319
,3108.08382,1488.501741,1481.731988
,3945.22748,1617.708009,1410.499622
,4899.240559,1844.962348,2107.755344
,5820.019779,2010.268511,2054.664133
,6866.748352,2008.963226,2222.827271
,8321.122749,1985.42055,2815.854661
47620.71525,10069.07329,1984.571412,2520.093817
46319.74201,11349.96751,1940.020594,1932.494641
41720.45157,11433.71523,2023.489121,1876.247442
39354.83301,10285.6159,2160.079268,2302.966996
43811.80508,,2073.84738,3024.035228
51549.01617,7074.474803,2170.099656,3855.763731
54681.01739,11711.29478,2307.563289,4921.127988
56326.61228,13111.17668,2374.051426,4442.630447
53024.41107,13914.04478,,2676.379087
47572.25721,14442.85476,1726.07954,3490.254424
45526.52235,14934.29581,2153.714051,5540.890229
50318.90867,15017.39929,2579.344969,5601.9496
58597.53624,14118.43642,2578.101805,6724.074482
,12277.39021,2478.297408,
,10148.76435,2348.471745,6775.355949
,8620.571977,2110.52137,5205.568002
,8506.507815,2232.391497,4847.476214
,10146.77865,2620.329238,7402.545253
,13176.18615,2751.433512,10322.64681
,16607.75228,2686.192716,9990.801777
63144.80916,19266.38155,2537.571871,8292.952349
69622.20539,20540.52035,2530.052858,11398.5583
73975.71206,20783.10728,2624.294338,11369.89168
73676.47584,20657.07065,2837.044916,10706.77022
71272.5502,20200.83913,3118.18286,11488.57841
73617.51912,18836.39066,3228.459379,13667.27344
81873.92308,16242.26934,3004.999505,16669.17485
90444.21771,13082.80721,2952.135965,18868.55244
95072.06623,10696.38004,2781.91484,17923.82377
97225.38729,17604.42569,2777.224867,14608.97326
99078.48208,19625.21986,2858.213346,16375.48161
101799.1491,20670.05272,3438.743621,18857.66975
108520.0487,21300.18901,3725.891901,14754.28669
,21619.71766,3724.434824,24462.62283
,21081.99378,3984.061906,26763.91433
,19232.16786,4162.343654,21986.61367
,16363.94839,4290.58956,15191.93357
,13307.87518,4491.654641,11367.15091
,11141.6909,4498.996777,13399.96407
,10843.8299,4491.722649,20113.2137
135780.7102,12752.21643,4678.726025,25288.52885
133366.0254,16271.9741,4799.409045,23744.13715
135046.0001,20029.56906,4695.561217,23386.13055
143014.3953,22489.63812,4743.127749,13414.19133
153531.9682,22929.75607,4769.209218,4562.921784
161729.1007,22010.20761,4778.394596,13974.97676
168771.6129,20778.93794,4886.177005,23585.04666
179361.6017,19373.0461,4841.057642,26405.17281
189735.7642,17172.30515,4688.633577,25227.89844
189911.4589,14043.09873,4726.361155,20207.3753
177915.2539,10794.373,4950.183249,13020.39064
167684.2327,8480.030435,5389.022093,6928.561944
171291.8108,13334.61161,5641.675119,10655.36703
,14383.38521,5687.991293,20956.22417
,,5495.935895,28636.36843
,14940.89998,5467.040025,24621.95988
,14470.71833,5589.979552,19960.68929
,13451.87003,5937.472542,11845.17777
,12044.884,,6835.198415
,10270.77239,6286.180872,13429.06094
,8364.200024,6523.106476,21231.52647
,6974.806568,6523.554544,24429.90298
,6748.378606,6361.591038,22225.77449
,7892.60539,6319.592283,
,10029.79842,6350.929021,22359.32161
,12327.96449,6597.408973,11041.41446
,14117.66047,6753.225969,8046.911375
,15455.88946,6686.896308,24231.40094
,16724.97119,6589.759416,30255.6725
,17745.30801,6602.603776,31048.49849
,17851.84735,6470.626509,28205.74413
216363.6159,16884.09998,6384.457115,19769.14815
202107.2238,15110.66452,6611.036695,13013.65624
201878.368,12928.86926,6980.43753,14487.50733
218216.2154,11329.60672,7091.409468,27409.78494
232734.3739,19990.49696,7135.306796,34351.49565
239607.9763,24422.19992,7013.422598,31052.46888
231153.9172,27918.58907,6875.286761,32651.61041
209740.1682,30217.91449,6553.522275,21194.68153
191889.9128,31539.09874,6549.983452,7824.371518
193847.6894,31634.52102,6772.957406,18110.54792
204199.1871,29671.74272,6598.05153,34266.26534
201615.9109,25625.8249,6269.962787,34710.15781
190003.5169,20950.46274,5946.63438,22893.76133
179345.795,17669.65985,5272.297951,11233.33079
171741.3777,17465.25979,4821.548588,8366.469151
165956.6406,21071.71211,5471.910567,13115.16676
163478.0057,27907.29094,7049.54826,12973.59294
169403.9614,36249.42606,7987.938831,20695.01096
185633.4829,44009.89837,7448.007809,30253.70502
207220.4916,49552.64455,7045.077447,24744.65282
224107.7103,52498.49786,7108.929616,15248.93058
227477.0065,53418.08446,7562.768086,10755.87972
,52400.405,8589.677485,9329.024381
,48737.59632,9438.115887,11830.28399
,42086.14385,8641.858534,19808.10315
,33972.0619,8226.163517,30823.58744
,27652.47174,8445.155076,37274.97392
,45343.95455,8332.841815,28897.39122
,49940.63884,7885.684285,15096.36484
,50856.71323,7288.508168,5294.812262
,49402.61928,7101.460895,10140.35153
,47282.92043,7099.301633,26184.13939
,44469.25409,7127.824806,28149.65304
,,6901.036816,19211.76287
,32474.37305,6623.927663,13415.12671
,25046.30264,6444.920989,10893.91861
,19739.00657,6069.147134,10110.63657
,18048.2292,,10892.44003
,19925.16292,5622.690922,16195.68759
,23942.79751,5808.259662,22618.3338
148286.0904,28082.46479,5819.266605,13711.63963
152281.605,30588.08002,5552.60189,12369.80073
157772.4416,30521.63832,5219.105851,
156900.4034,28420.63848,4942.796091,9905.450189
150562.3678,25913.8748,4799.699492,7359.504182
149071.6317,23864.50359,4658.839963,9975.381589
156737.5778,21432.76094,4536.715656,13475.42402
163957.5439,17841.08827,4543.321308,15799.82501
159651.0846,13848.16683,4467.438261,15509.41845
144388.4351,10914.3377,4251.090664,12483.56982
134239.583,17275.51552,4012.379106,5611.049008
123492.7371,18307.99898,3719.973147,3740.114286
119645.3634,18377.58654,3510.443628,9229.093166
122715.7956,18267.00116,3548.804779,11880.13873
126226.1999,17874.19842,3730.099491,12987.79983
122804.445,16630.4183,3682.541602,11026.53723
110614.4189,14392.37244,3507.951355,8649.275504
98592.67839,11567.51526,3362.38692,6097.458499
94594.08227,8827.02436,3288.993036,5088.494116
95567.50208,6895.888806,3223.201655,6202.393222
93325.34842,6258.136316,3184.214951,8738.233527
85444.71705,6899.825917,3143.029612,10270.72731
,8330.051184,3040.648684,8966.061311
,9795.769162,2723.711627,6538.53259
,10675.99844,2682.748385,4965.655963
,10928.3212,2803.828862,4800.180991
,10963.67557,2917.348184,6452.685162
,10908.69735,3105.821179,9045.991497
,10446.58244,3170.039183,9952.854409
,9345.325421,2916.514431,9126.247973
,7733.316102,2709.050667,7327.219274
,6027.724718,2786.089397,5601.675259
,4770.709236,3014.316402,4812.139174
,7571.048426,3171.938158,6514.114418
,8223.264612,3215.928442,10209.37828
,8333.757264,3107.81415,11311.79152
,7931.409285,2872.974884,9308.862188
,7204.482687,2739.0341,7654.28549
,6401.49141,2840.402876,6074.339444
,5563.19349,2895.20614,5224.153231
59271.15594,4593.504996,2916.519196,7237.966723
64342.57856,3593.788986,2980.081042,9899.467235
64029.78584,2876.993361,2915.29483,11179.52665
58700.53485,,2800.378678,10290.26858
52229.97297,3044.511278,2799.608488,8424.288004
47563.58193,3758.608727,3046.537457,6362.74436
46142.93076,4523.328192,3252.1237,3479.766541
48151.03829,5146.033197,,10145.07315
52551.21657,5589.079201,3233.030305,16153.05906
56898.05992,5789.68412,3172.912574,10574.19749
57654.92373,5662.779877,3172.490441,9979.829702
53607.2627,5267.952358,3119.518,10002.23529
49055.64263,4699.011313,3061.697812,
49463.92413,3963.693247,3153.560638,7744.837271
54532.56076,3171.473687,3300.71161,10619.69691
59739.6667,2592.951443,3535.706626,16359.92299
59488.03532,4304.09403,3683.591973,18017.08065
57673.30347,4877.584007,3721.180513,15995.14192
51246.28513,5154.024441,3618.340992,14199.14482
44984.40078,5239.045901,3666.703116,9231.612206
47513.29715,5245.810883,3894.152243,9744.863248
60007.88938,5095.869253,4246.662312,19338.32681
,4619.118164,4445.355776,23468.9649
,3826.068773,4561.017408,24090.75855
,2959.296437,4711.548815,20061.94428
,2324.890049,4647.128509,12674.59272
,2109.495249,4552.264391,6425.162488
,2302.948675,5115.743214,9627.371411
,2729.246207,6144.319822,22792.46731
,3155.562656,6452.399538,25529.4467
,3398.915008,5969.349135,23114.97662
,3372.783278,5716.789479,14021.62241
,3155.66896,5904.336327,7506.63826
,2861.456848,6480.045302,5931.827029
,2436.631512,7613.74855,6239.382635
,1858.855409,8955.60543,13802.95301
,1313.619039,9178.200792,23722.7168
,938.6287708,8595.874744,29703.45654
,745.5427174,8257.986257,25071.26122
,1184.314656,8289.52525,14718.20615
64845.86107,1538.594697,8357.280884,5003.906271
64771.42227,2041.657071,8635.231389,11630.29955
72185.01548,2440.999823,8828.590114,29612.10811
78512.56897,2535.578254,9090.645491,31167.61861
77219.26115,2399.194252,9016.642207,25932.97585
68921.12891,2147.220364,8721.59483,24011.03403
60580.23876,1813.018408,8511.257784,14039.30862
58084.28348,1454.908898,8506.685218,8716.394725
59359.00023,1192.082157,8474.99965,12984.91585
59210.4375,1128.303101,8495.487599,24649.71666
55590.42426,1284.765075,8375.876368,30525.0879
50925.48447,1584.292648,8396.535635,28028.70079
48026.98191,1880.488066,8137.633563,23054.09451
47356.84804,,7929.006489,16059.16265
47621.0378,2115.839129,7808.59393,11608.21447
48110.22426,2141.641648,7823.645126,11140.95636
50410.94106,2150.887665,8105.437352,22291.85137
55071.46801,2071.653081,,27183.64298
57579.35136,1848.926184,8453.656248,24589.87576
53864.08378,1523.131144,7813.916002,18680.57394
45989.39121,1195.122404,7080.171307,13394.80724
40410.90427,969.4672471,7440.195053,8797.329607
,1575.668285,7912.576156,
,1807.977151,8229.088226,21110.40086
,2001.730061,8003.506619,24112.15806
,2122.819877,7656.914826,16653.0557
,2131.246411,7103.272083,16399.40329
,2047.051404,6894.620494,10145.57359
,1884.988143,6760.990393,4095.180287
,1625.752435,6633.491184,8105.77916
,1313.55853,6679.681579,12090.58165
,1061.829892,6549.950116,13113.30508
,964.7944846,6153.940857,11116.42284
,1032.404906,5694.24369,10654.67249
,1171.831189,5100.303659,7903.837553
,1251.630337,4922.412539,6592.143191
,1223.943856,4979.872188,5605.942061
,1217.441331,4890.57127,7720.877207
,1408.710818,4700.318842,11317.92162
,1730.362307,4533.161571,10961.61555
25736.38235,1934.756544,4102.720094,8768.008228
21580.26122,1923.070721,3353.318627,6293.335177
18910.31268,1755.110927,2575.577281,4063.54299
20188.3198,1513.92944,2413.351989,2562.936239
23655.29891,1319.088463,2903.222495,2479.34949
24338.17742,2300.838163,3366.046613,4674.937256
23990.7422,2771.055645,3634.810864,6724.011939
19854.77235,3093.166576,3215.601395,6275.01983
13178.55904,3221.12466,2531.552117,4484.918714
8675.873705,3250.939611,2272.664651,3001.017371
10248.37291,3309.838011,2246.924836,2193.99198
15084.09174,3328.132337,2187.107998,3338.676721
18259.48451,3123.697478,2088.898219,4275.235086
18030.19832,2725.34513,2009.700706,4043.283564
15884.43946,2402.585027,1834.89778,3123.093275
13885.33503,2441.485573,1585.38744,2213.999886
12664.58967,2978.298157,1426.811049,1798.743314
12165.76295,3919.643002,1409.575889,1527.02502
12391.97108,4992.255238,1411.023174,2271.965583
13360.2908,5951.261245,1423.125746,3193.011125
14584.95928,6670.48921,1363.951985,2861.721151
14856.86485,7069.7031,1290.1209,2136.601119
,7167.539722,1232.840368,1452.471117
,,1132.924616,983.4659982
,6764.617342,1070.858188,950.9267088
,6076.283145,1066.10795,1136.431653
,5124.465679,1069.564747,1256.40573
,4398.203371,,1041.56078
,7642.431033,923.6409994,934.1266767
,9025.022409,799.3545357,946.0804323
,10056.58628,730.8280329,588.0827079
,11051.40332,729.828157,406.4854554
,12116.60841,716.8932946,
,12814.06368,695.4958113,934.2536613
,12679.63093,650.3323405,751.7591441
,11651.21421,618.6818612,617.7868468
,10141.64326,609.0647024,464.7649019
,9003.778709,611.7811032,354.7665741
,9211.602209,657.4213096,359.6577672
,11305.76235,627.6769852,575.3848962
11552.34554,14996.26964,503.5174417,783.1508488
11679.35529,19161.1668,461.9852923,781.9192567
12186.24035,22466.97496,467.2913412,635.4904005
12512.81927,24363.69157,472.3329937,469.7292719
12248.20894,25400.31679,478.8874537,362.3217016
12917.92318,26248.27664,498.3745407,443.5539064
17406.23447,26594.4056,515.7892607,703.7541114
24264.61276,25449.41938,538.5364512,906.3145918
28172.13375,22478.14925,547.4483193,974.0688078
26280.73569,18703.36702,485.6541719,903.512592
21042.53694,15964.16483,406.1610398,779.744298
22266.08777,27361.45025,377.1015916,558.6335651
23140.56271,32395.01413,371.2886931,551.4436937
28538.35305,36798.41936,389.2603018,1073.893948
36479.64099,40808.2333,373.1648951,1548.637252
42952.08422,43504.78585,353.4735388,1532.463823
41763.09403,43379.68153,355.4542518,1510.321892
34869.92992,39803.16496,374.5988658,1264.35433
32488.70802,33415.43797,396.0314542,1023.874059
37416.50006,26116.17865,430.2282285,1109.592038
47005.36331,20536.15866,459.8097669,1425.420811
52561.70929,18467.52829,466.3917275,1771.898415
,19848.92072,463.2009138,1903.419962
,23012.4135,421.1503498,1891.388508
,25707.42318,435.3751437,1545.51213
,26595.66854,543.4162651,1196.285869
,26212.8821,643.4187607,1349.919049
,25801.68124,721.8937377,2168.51018
,25575.06391,802.5025234,2870.999463
,24607.23058,820.294537,2944.279773
,22175.7616,716.0477848,2491.903677
,18616.40475,450.4636376,1845.597269
,14924.86707,400.3833711,1427.045731
,,802.4287433,1616.686379
,20443.02665,1215.895053,2584.277288
,23717.96726,1546.101087,3529.305994
,26162.50643,1450.557036,3571.150729
,27241.16113,,3286.761157
,26776.32734,1071.070681,2824.156863
,25326.96669,1415.43617,2203.375636
107219.45,23204.28761,1682.864315,2241.804242
137787.7086,20092.46867,1852.227335,3524.100435
155115.3883,16393.19624,1993.581987,
148026.1175,13588.23177,1917.894934,5754.784281
133219.4947,13059.04137,1634.1803,5541.764792
122285.2613,15188.29557,1398.449097,4703.744613
117719.2105,19181.86557,1845.046194,3674.942201
121055.6485,23510.01955,2419.395158,3411.506959
132623.0851,27132.32835,2667.932841,5733.017558
149008.9297,29961.19848,2592.436972,8444.331631
159123.3601,31762.55185,2459.92695,8990.867791
150640.7224,31982.17037,2331.149703,8642.773935
129688.2939,30598.16401,2151.583412,6304.616148
118768.8915,27913.62254,2324.875196,5789.514151
140769.3928,23991.74691,3128.091611,8761.820449
176667.7175,19471.9417,3540.612439,13807.85473
196273.0735,16026.60885,3562.448686,15323.3032
176561.2621,26734.18279,3212.82624,9340.701841
156241.0218,30203.74568,2714.583211,4667.945572
126047.7732,31518.8774,2309.508698,6961.432165
119833.7281,31349.68595,2955.899487,6624.746445
157240.5373,31030.01084,3831.406961,8451.749853
,30749.39531,4140.485659,15619.415
,29282.08988,3949.531541,16619.75002
,25828.08133,3559.483551,11535.8081
,21307.18324,3092.988724,7250.902679
,17800.26107,2374.433158,6051.966853
,17090.91632,2042.537047,7949.479923
,19605.17115,3584.577151,10267.247
,24196.64835,5561.767032,12436.12912
,28776.70043,5568.538494,12734.09664
,31581.04923,4436.261556,16476.20168
,32079.09748,3915.225548,9084.955557
,30935.34031,3889.234073,5822.216386
,29164.54813,4252.706903,6222.024336
,27160.03446,5161.978804,7088.02014
,24531.45507,5720.655892,9534.807832
,20951.55525,5040.446998,11836.14261
,17031.41097,4323.970375,12326.4931
,14210.22156,3577.978117,9773.657752
121019.3548,23968.87529,3596.669089,7205.591059
108034.8198,27770.17533,3943.630414,5570.097283
116785.5627,30302.1264,5151.538757,5237.976696
138804.9186,,5387.262958,7507.838179
146877.786,31935.09952,4871.561902,10537.55451
137971.8495,30914.62708,3977.771766,10688.47911
115314.7734,28400.20681,3668.790215,8903.225653
98541.97563,24390.56839,,6504.10644
100965.6543,19761.07775,4297.175585,4834.689151
110257.0513,16264.71007,5260.605249,5293.723894
112117.3088,15443.95764,5820.248256,8019.574556
104051.6723,17654.39824,4682.537727,11428.69426
94164.90485,21876.3208,3866.015055,
88437.5857,26215.9329,3376.18499,8932.755891
87636.6179,29219.07778,3532.150178,6724.071383
90590.13059,30958.85415,3827.678617,4766.666974
97131.73494,32259.10043,4012.899871,4701.899212
107699.6219,33219.39749,4278.520808,7896.417197
114407.0468,32970.42243,4288.476577,10985.26438
105512.9141,30705.99654,3835.474122,11536.54596
83973.10761,26522.4063,3252.570049,9819.432208
60514.57139,21656.70064,2059.894307,7124.673942
58105.94492,18088.78808,2104.321533,5342.214563
84217.34338,30379.41174,3051.620429,5299.160048
101704.6031,35186.51798,4225.641915,8134.984058
113218.1251,38620.72684,4494.66472,11845.53354
102482.0703,40728.01562,3444.393038,12065.21878
77140.94066,41496.27691,2537.072707,11196.24608
56374.90352,40727.2046,2527.295944,8714.353365
56978.77682,37977.28339,2742.725628,5749.15414
71826.95152,32979.50852,2890.926397,10472.72174
84158.39321,26806.63943,3086.988053,17200.87078
83622.542,21986.78192,3045.791668,20712.34882
73875.68445,20732.91159,2611.378483,18406.40583
64229.06767,23460.48217,2284.420467,12888.42128
58717.306,28653.14392,2047.409457,7352.976864
58365.53401,33776.40195,2143.428392,5688.111705
63307.75514,37110.2052,2340.211238,12487.43353
72310.51307,38841.11241,2420.499827,30641.92654
81089.07864,39674.27571,2417.531721,24011.36969
81073.01672,39395.24993,2411.674059,22105.65253
69094.01112,37470.51609,2254.899177,23812.87236
56294.41318,33663.66342,2011.033397,15461.86444
57043.21182,28181.66346,1993.115978,7531.381996
72797.98148,22194.93221,2216.351924,10250.80878
86288.96168,17747.07758,2367.311853,28507.63801
